lfd_nr,eu_code,regionalschluessel,land,nuts_level,gebietseinheit,y2018,y2019,y2020,y2021,y2022,y2023
1,DE1,08,BW,1,Baden-Württemberg,25809,26164,25842,26626,28520,30242
2,DE11,081,BW,2,"Stuttgart, Regierungsbezirk",26355,26753,26206,27248,29219,31022
3,DE111,08111,BW,3,"Stuttgart, Landeshauptstadt, Stadtkreis",26985,27066,26673,27283,29413,31390
4,DE112,08115,BW,3,"Böblingen, Landkreis",26694,27242,26967,27540,29208,31100
5,DE113,08116,BW,3,"Esslingen, Landkreis",26782,26944,26421,27375,29170,31076
6,DE114,08117,BW,3,"Göppingen, Landkreis",25026,25758,26865,26340,28264,30026
7,DE115,08118,BW,3,"Ludwigsburg, Landkreis",27346,27563,26782,27831,29788,31769
8,DE116,08119,BW,3,Rems-Murr-Kreis,26489,26688,26170,26951,28862,30699
9,DE117,08121,BW,3,"Heilbronn, Stadtkreis",28021,30519,23389,35176,39612,40646
10,DE118,08125,BW,3,"Heilbronn, Landkreis",26313,26392,25934,26704,28520,30254
11,DE119,08126,BW,3,Hohenlohekreis,25756,26225,25736,26788,28665,30223
12,DE11A,08127,BW,3,"Schwäbisch Hall, Landkreis",24758,25430,25410,26078,28020,29413
13,DE11B,08128,BW,3,Main-Tauber-Kreis,24238,24785,24663,25490,27269,28811
14,DE11C,08135,BW,3,"Heidenheim, Landkreis",23754,24538,24334,25029,26611,28229
15,DE11D,08136,BW,3,Ostalbkreis,25703,26344,26000,26745,28711,30461
16,DE12,082,BW,2,"Karlsruhe, Regierungsbezirk",25065,25447,25257,26019,27804,29590
17,DE121,08211,BW,3,"Baden-Baden, Stadtkreis",32742,31913,29740,31334,33641,35144
18,DE122,08212,BW,3,"Karlsruhe, Stadtkreis",23642,23892,24023,24654,26611,28467
19,DE123,08215,BW,3,"Karlsruhe, Landkreis",25371,25575,25955,26532,28248,30090
20,DE124,08216,BW,3,"Rastatt, Landkreis",24558,25128,24722,25101,26675,28505
21,DE125,08221,BW,3,"Heidelberg, Stadtkreis",24508,25051,24248,26889,29109,30764
22,DE126,08222,BW,3,"Mannheim, Universitätsstadt, Stadtkreis",22910,23160,23492,23873,25216,26853
23,DE127,08225,BW,3,Neckar-Odenwald-Kreis,23288,24049,24029,24775,26482,28109
24,DE128,08226,BW,3,Rhein-Neckar-Kreis,26223,26998,26931,27510,29364,31349
25,DE129,08231,BW,3,"Pforzheim, Stadtkreis",23933,23789,22447,23734,25501,26823
26,DE12A,08235,BW,3,"Calw, Landkreis",25115,25700,25135,25765,27481,29185
27,DE12B,08236,BW,3,Enzkreis,26956,27086,26474,27154,29059,30969
28,DE12C,08237,BW,3,"Freudenstadt, Landkreis",26245,26382,25639,26846,28846,30507
29,DE13,083,BW,2,"Freiburg, Regierungsbezirk",25717,25943,25767,26116,27924,29499
30,DE131,08311,BW,3,"Freiburg im Breisgau, Stadtkreis",23194,23639,23599,24021,25749,27158
31,DE132,08315,BW,3,"Breisgau-Hochschwarzwald, Landkreis",25742,26414,26234,26966,28961,30491
32,DE133,08316,BW,3,"Emmendingen, Landkreis",24655,25362,25359,25665,27394,28955
33,DE134,08317,BW,3,Ortenaukreis,24866,25022,25120,25111,26863,28373
34,DE135,08325,BW,3,"Rottweil, Landkreis",26371,26586,26139,26634,28458,30086
35,DE136,08326,BW,3,Schwarzwald-Baar-Kreis,26152,25830,24999,25759,27542,28993
36,DE137,08327,BW,3,"Tuttlingen, Landkreis",28787,27700,26686,27807,30079,31632
37,DE138,08335,BW,3,"Konstanz, Landkreis",26348,26423,26151,26299,28099,29733
38,DE139,08336,BW,3,"Lörrach, Landkreis",27307,27906,28178,28313,29970,31838
39,DE13A,08337,BW,3,"Waldshut, Landkreis",25464,25950,26032,25988,27687,29369
40,DE14,084,BW,2,"Tübingen, Regierungsbezirk",25824,26204,26002,26777,28776,30400
41,DE141,08415,BW,3,"Reutlingen, Landkreis",25627,25963,25626,26439,28301,30012
42,DE142,08416,BW,3,"Tübingen, Landkreis",24800,25090,24934,25836,27671,29420
43,DE143,08417,BW,3,Zollernalbkreis,26768,26797,26586,26892,28987,30626
44,DE144,08421,BW,3,"Ulm, Universitätsstadt, Stadtkreis",28002,27447,27803,28906,31327,32974
45,DE145,08425,BW,3,Alb-Donau-Kreis,25206,25832,25438,26072,27967,29529
46,DE146,08426,BW,3,"Biberach, Landkreis",25651,26210,25938,26941,28888,30442
47,DE147,08435,BW,3,Bodenseekreis,27744,28303,27763,28629,30798,32455
48,DE148,08436,BW,3,"Ravensburg, Landkreis",25182,25837,25858,26525,28645,30135
49,DE149,08437,BW,3,"Sigmaringen, Landkreis",23991,24482,24443,25225,26958,28559
50,DE2,09,BY,1,Bayern,26476,27072,26703,27516,29664,31525
51,DE21,091,BY,2,"Oberbayern, Regierungsbezirk",29511,30352,29658,30204,32534,34716
52,DE211,09161,BY,3,"Ingolstadt, Kreisfreie Stadt",25246,25462,25287,25454,26813,28643
53,DE212,09162,BY,3,"München, Landeshauptstadt, Kreisfreie Stadt",32893,34549,33068,33150,35505,38190
54,DE213,09163,BY,3,"Rosenheim, Kreisfreie Stadt",24015,24304,24171,24813,26501,28219
55,DE214,09171,BY,3,"Altötting, Landkreis",24547,25181,24923,25723,27630,29269
56,DE215,09172,BY,3,"Berchtesgadener Land, Landkreis",24269,25068,24662,25478,27813,29240
57,DE216,09173,BY,3,"Bad Tölz-Wolfratshausen, Landkreis",28202,28206,27824,28668,31162,33076
58,DE217,09174,BY,3,"Dachau, Landkreis",27143,27637,27458,27893,30039,32222
59,DE218,09175,BY,3,"Ebersberg, Landkreis",29037,29835,29383,30462,32762,35045
60,DE219,09176,BY,3,"Eichstätt, Landkreis",25816,26160,25869,26142,28022,29918
61,DE21A,09177,BY,3,"Erding, Landkreis",26656,27378,26865,27593,29953,31800
62,DE21B,09178,BY,3,"Freising, Landkreis",25991,26440,26034,26607,28493,30400
63,DE21C,09179,BY,3,"Fürstenfeldbruck, Landkreis",27359,28284,28156,28685,30711,32880
64,DE21D,09180,BY,3,"Garmisch-Partenkirchen, Landkreis",26347,26954,26672,27964,30703,32413
65,DE21E,09181,BY,3,"Landsberg am Lech, Landkreis",27543,28362,27516,28469,30806,32759
66,DE21F,09182,BY,3,"Miesbach, Landkreis",32549,32778,34698,34944,38560,40748
67,DE21G,09183,BY,3,"Mühldorf a.Inn, Landkreis",25080,25613,25443,26498,28740,30128
68,DE21H,09184,BY,3,"München, Landkreis",32859,34247,33305,33927,36572,39090
69,DE21I,09185,BY,3,"Neuburg-Schrobenhausen, Landkreis",25282,25459,25246,25635,27620,29184
70,DE21J,09186,BY,3,"Pfaffenhofen a.d.Ilm, Landkreis",28799,27393,26998,27251,29331,31151
71,DE21K,09187,BY,3,"Rosenheim, Landkreis",26820,27368,27366,28823,31318,33085
72,DE21L,09188,BY,3,"Starnberg, Landkreis",38659,38181,37033,38417,41757,44520
73,DE21M,09189,BY,3,"Traunstein, Landkreis",26145,26532,26219,27313,29783,31371
74,DE21N,09190,BY,3,"Weilheim-Schongau, Landkreis",27740,27376,26928,27821,30149,31902
75,DE22,092,BY,2,"Niederbayern, Regierungsbezirk",24691,25208,24718,25596,27760,29245
76,DE221,09261,BY,3,"Landshut, Kreisfreie Stadt",27412,26984,26597,27759,29768,31417
77,DE222,09262,BY,3,"Passau, Kreisfreie Stadt",22515,22550,22545,23512,24923,26409
78,DE223,09263,BY,3,"Straubing, Kreisfreie Stadt",23862,24701,23590,24502,26246,27470
79,DE224,09271,BY,3,"Deggendorf, Landkreis",25247,25521,25247,27617,30104,31521
80,DE225,09272,BY,3,"Freyung-Grafenau, Landkreis",22850,23877,23151,23923,25972,27573
81,DE226,09273,BY,3,"Kelheim, Landkreis",24965,25576,25306,25640,27865,29417
82,DE227,09274,BY,3,"Landshut, Landkreis",25687,26202,25803,26630,28912,30639
83,DE228,09275,BY,3,"Passau, Landkreis",23712,24291,23618,24408,26536,27886
84,DE229,09276,BY,3,"Regen, Landkreis",22870,23898,23526,24086,26220,27771
85,DE22A,09277,BY,3,"Rottal-Inn, Landkreis",24653,25506,25030,25710,28063,29379
86,DE22B,09278,BY,3,"Straubing-Bogen, Landkreis",25353,25456,24875,25601,27927,29361
87,DE22C,09279,BY,3,"Dingolfing-Landau, Landkreis",25859,26395,25690,26135,28114,29578
88,DE23,093,BY,2,"Oberpfalz, Regierungsbezirk",24191,24777,24743,25640,27605,29206
89,DE231,09361,BY,3,"Amberg, Kreisfreie Stadt",23253,23984,23272,23938,25346,27129
90,DE232,09362,BY,3,"Regensburg, Kreisfreie Stadt",24331,24713,25086,26366,27746,29370
91,DE233,09363,BY,3,"Weiden i.d.OPf., Kreisfreie Stadt",22914,23263,23643,23882,25424,27127
92,DE234,09371,BY,3,"Amberg-Sulzbach, Landkreis",24057,24883,24597,25038,27012,28716
93,DE235,09372,BY,3,"Cham, Landkreis",23659,24356,24527,25216,27554,28874
94,DE236,09373,BY,3,"Neumarkt i.d.OPf., Landkreis",25709,25807,25786,26855,29124,30658
95,DE237,09374,BY,3,"Neustadt a.d.Waldnaab, Landkreis",23114,23835,23683,24455,26424,28016
96,DE238,09375,BY,3,"Regensburg, Landkreis",25441,25856,25810,26402,28377,30109
97,DE239,09376,BY,3,"Schwandorf, Landkreis",23439,24261,24019,24729,26573,28159
98,DE23A,09377,BY,3,"Tirschenreuth, Landkreis",23129,24336,24161,26842,29596,31130
99,DE24,094,BY,2,"Oberfranken, Regierungsbezirk",23929,24450,24537,25416,27378,29118
100,DE241,09461,BY,3,"Bamberg, Kreisfreie Stadt",23492,24183,23730,24834,26232,27752
101,DE242,09462,BY,3,"Bayreuth, Kreisfreie Stadt",21927,22555,22535,23925,25567,27252
102,DE243,09463,BY,3,"Coburg, Kreisfreie Stadt",26240,26095,26482,27274,29107,30694
103,DE244,09464,BY,3,"Hof, Kreisfreie Stadt",21182,21474,21873,23028,24277,25503
104,DE245,09471,BY,3,"Bamberg, Landkreis",24259,24625,24628,25117,27155,29038
105,DE246,09472,BY,3,"Bayreuth, Landkreis",23598,24222,24381,25028,26994,28814
106,DE247,09473,BY,3,"Coburg, Landkreis",23976,24743,25828,25577,27514,29395
107,DE248,09474,BY,3,"Forchheim, Landkreis",25670,26064,26207,26755,28806,30791
108,DE249,09475,BY,3,"Hof, Landkreis",22948,23402,23523,24140,25967,27669
109,DE24A,09476,BY,3,"Kronach, Landkreis",23980,24256,24346,25929,28191,29972
110,DE24B,09477,BY,3,"Kulmbach, Landkreis",24826,25409,24915,25719,27800,29647
111,DE24C,09478,BY,3,"Lichtenfels, Landkreis",23773,24133,23804,24496,26432,27980
112,DE24D,09479,BY,3,"Wunsiedel i.Fichtelgebirge, Landkreis",24335,25563,25646,28586,31581,33183
113,DE25,095,BY,2,"Mittelfranken, Regierungsbezirk",25218,25593,25277,26515,28464,30256
114,DE251,09561,BY,3,"Ansbach, Kreisfreie Stadt",22333,23054,22954,23724,25110,27013
115,DE252,09562,BY,3,"Erlangen, Kreisfreie Stadt",26063,26427,26264,26883,28182,30114
116,DE253,09563,BY,3,"Fürth, Kreisfreie Stadt",24971,24817,24320,28665,30510,32437
117,DE254,09564,BY,3,"Nürnberg, Kreisfreie Stadt",23574,23733,23507,24148,25602,27201
118,DE255,09565,BY,3,"Schwabach, Kreisfreie Stadt",27848,28406,27427,27996,30397,32497
119,DE256,09571,BY,3,"Ansbach, Landkreis",24668,25372,25202,25948,28283,29838
120,DE257,09572,BY,3,"Erlangen-Höchstadt, Landkreis",29038,29453,28778,32068,34913,37136
121,DE258,09573,BY,3,"Fürth, Landkreis",27036,27382,27185,28111,30293,32493
122,DE259,09574,BY,3,"Nürnberger Land, Landkreis",26985,27612,26947,28093,30335,32414
123,DE25A,09575,BY,3,"Neustadt a.d.Aisch-Bad Windsheim, Landkreis",24383,24960,24570,25387,27581,29081
124,DE25B,09576,BY,3,"Roth, Landkreis",25893,26385,26422,27396,29728,31572
125,DE25C,09577,BY,3,"Weißenburg-Gunzenhausen, Landkreis",23812,24349,24034,24713,26643,28148
126,DE26,096,BY,2,"Unterfranken, Regierungsbezirk",24562,25012,24813,26010,28067,29899
127,DE261,09661,BY,3,"Aschaffenburg, Kreisfreie Stadt",25451,25883,25118,26228,28051,29840
128,DE262,09662,BY,3,"Schweinfurt, Kreisfreie Stadt",22351,22916,22966,23347,24702,26074
129,DE263,09663,BY,3,"Würzburg, Kreisfreie Stadt",24985,24959,24363,25513,27280,29291
130,DE264,09671,BY,3,"Aschaffenburg, Landkreis",25673,26200,25874,26646,28583,30680
131,DE265,09672,BY,3,"Bad Kissingen, Landkreis",24214,25007,24832,25518,27596,29223
132,DE266,09673,BY,3,"Rhön-Grabfeld, Landkreis",23711,24532,24332,30563,34159,35747
133,DE267,09674,BY,3,"Haßberge, Landkreis",23339,23938,23915,25135,27225,28983
134,DE268,09675,BY,3,"Kitzingen, Landkreis",24698,25256,25185,25861,28147,29691
135,DE269,09676,BY,3,"Miltenberg, Landkreis",24652,24638,24676,25532,27650,29459
136,DE26A,09677,BY,3,"Main-Spessart, Landkreis",24505,25048,24950,25701,27625,29508
137,DE26B,09678,BY,3,"Schweinfurt, Landkreis",24265,24373,24331,24983,26822,28834
138,DE26C,09679,BY,3,"Würzburg, Landkreis",24767,25475,25323,26467,28515,30401
139,DE27,097,BY,2,"Schwaben, Regierungsbezirk",25426,25794,25674,26360,28501,30119
140,DE271,09761,BY,3,"Augsburg, Kreisfreie Stadt",21199,21822,21881,22535,23888,25528
141,DE272,09762,BY,3,"Kaufbeuren, Kreisfreie Stadt",25694,25082,24152,24816,26439,28049
142,DE273,09763,BY,3,"Kempten (Allgäu), Kreisfreie Stadt",23235,23991,23880,24753,26462,28191
143,DE274,09764,BY,3,"Memmingen, Kreisfreie Stadt",29516,27906,26147,26946,29097,30544
144,DE275,09771,BY,3,"Aichach-Friedberg, Landkreis",26944,27464,28088,27899,30298,32041
145,DE276,09772,BY,3,"Augsburg, Landkreis",26359,26657,26603,27225,29348,31156
146,DE277,09773,BY,3,"Dillingen a.d.Donau, Landkreis",26100,26602,25921,26625,29043,30577
147,DE278,09774,BY,3,"Günzburg, Landkreis",25646,26308,26512,26790,29249,30743
148,DE279,09775,BY,3,"Neu-Ulm, Landkreis",25886,26004,25770,26715,28592,30241
149,DE27A,09776,BY,3,"Lindau (Bodensee), Landkreis",26961,27204,26483,27344,29571,31305
150,DE27B,09777,BY,3,"Ostallgäu, Landkreis",25605,25936,25729,26640,29035,30505
151,DE27C,09778,BY,3,"Unterallgäu, Landkreis",26745,26899,26600,27774,30336,31720
152,DE27D,09779,BY,3,"Donau-Ries, Landkreis",26347,26940,27652,28331,31050,32580
153,DE27E,09780,BY,3,"Oberallgäu, Landkreis",26282,26873,26379,27123,29579,31226
154,DE3,11,BE,1,Berlin,21469,22146,22298,22961,24548,26209
155,DE4,12,BB,1,Brandenburg,21557,22181,22890,23527,25045,26440
156,DE401,12051,BB,3,"Brandenburg an der Havel, Kreisfreie Stadt",19368,19894,20590,21145,21974,23277
157,DE402,12052,BB,3,"Cottbus, Kreisfreie Stadt",19723,20410,21283,21800,23027,24442
158,DE403,12053,BB,3,"Frankfurt (Oder), Kreisfreie Stadt",18782,19351,20080,20488,21350,22456
159,DE404,12054,BB,3,"Potsdam, Kreisfreie Stadt",22526,22431,23216,24357,25793,27311
160,DE405,12060,BB,3,"Barnim, Landkreis",22017,22624,23339,24186,25737,27177
161,DE406,12061,BB,3,"Dahme-Spreewald, Landkreis",22576,23284,23867,24369,25956,27083
162,DE407,12062,BB,3,"Elbe-Elster, Landkreis",19896,20620,21288,21758,23267,24701
163,DE408,12063,BB,3,"Havelland, Landkreis",21917,22540,23176,23891,25287,26615
164,DE409,12064,BB,3,"Märkisch-Oderland, Landkreis",21818,22419,23166,23616,25244,26673
165,DE40A,12065,BB,3,"Oberhavel, Landkreis",22689,23321,23922,24727,26365,27966
166,DE40B,12066,BB,3,"Oberspreewald-Lausitz, Landkreis",20553,21235,22025,22331,23644,25139
167,DE40C,12067,BB,3,"Oder-Spree, Landkreis",21510,22331,22890,23541,24971,26329
168,DE40D,12068,BB,3,"Ostprignitz-Ruppin, Landkreis",19983,20835,21582,22192,23821,25079
169,DE40E,12069,BB,3,"Potsdam-Mittelmark, Landkreis",24368,24896,25447,26118,27960,29585
170,DE40F,12070,BB,3,"Prignitz, Landkreis",20109,21068,21716,22202,23966,25136
171,DE40G,12071,BB,3,"Spree-Neiße, Landkreis",21067,21768,22590,23212,24985,26532
172,DE40H,12072,BB,3,"Teltow-Fläming, Landkreis",21641,22166,23098,23482,24914,26082
173,DE40I,12073,BB,3,"Uckermark, Landkreis",19297,20199,20982,21568,23092,24383
174,DE5,04,HB,1,Bremen,21971,22688,22419,23026,24759,26048
175,DE501,04011,HB,3,"Bremen, Kreisfreie Stadt",22680,23410,23035,23694,25576,26870
176,DE502,04012,HB,3,"Bremerhaven, Kreisfreie Stadt",18409,19079,19339,19697,20712,21951
177,DE6,02,HH,1,Hamburg,25784,25925,25456,26005,27980,29620
178,DE7,06,HE,1,Hessen,24546,24843,24728,25480,27021,28826
179,DE71,064,HE,2,"Darmstadt, Regierungsbezirk",25607,25822,25628,26572,28165,30111
180,DE711,06411,HE,3,"Darmstadt, Wissenschaftsstadt, Kreisfreie Stadt",24129,24052,24315,24164,25630,27331
181,DE712,06412,HE,3,"Frankfurt am Main, Kreisfreie Stadt",24529,24872,24525,26012,27413,29442
182,DE713,06413,HE,3,"Offenbach am Main, Kreisfreie Stadt",19940,20328,19803,20444,21375,22823
183,DE714,06414,HE,3,"Wiesbaden, Landeshauptstadt, Kreisfreie Stadt",25327,25707,25275,29798,32210,33796
184,DE715,06431,HE,3,"Bergstraße, Landkreis",25595,25867,25789,26244,27863,29794
185,DE716,06432,HE,3,"Darmstadt-Dieburg, Landkreis",25498,26075,26019,26397,28088,30150
186,DE717,06433,HE,3,"Groß-Gerau, Landkreis",23087,22990,22569,23316,24452,26095
187,DE718,06434,HE,3,Hochtaunuskreis,33648,33046,33483,33844,35968,38714
188,DE719,06435,HE,3,Main-Kinzig-Kreis,25376,25572,25369,25836,27493,29161
189,DE71A,06436,HE,3,Main-Taunus-Kreis,29153,29560,29197,29580,31209,33707
190,DE71B,06437,HE,3,Odenwaldkreis,22894,23224,23353,23855,25377,27113
191,DE71C,06438,HE,3,"Offenbach, Landkreis",25589,25745,25480,26101,27577,29536
192,DE71D,06439,HE,3,Rheingau-Taunus-Kreis,26793,27072,26714,27394,29144,31202
193,DE71E,06440,HE,3,Wetteraukreis,25509,25785,25817,26239,27785,29714
194,DE72,065,HE,2,"Gießen, Regierungsbezirk",22683,23113,23039,23422,24844,26420
195,DE721,06531,HE,3,"Gießen, Landkreis",21767,22162,22078,22655,23928,25443
196,DE722,06532,HE,3,Lahn-Dill-Kreis,23484,23886,23562,23882,25336,26820
197,DE723,06533,HE,3,"Limburg-Weilburg, Landkreis",23728,24097,24198,24540,26052,27666
198,DE724,06534,HE,3,"Marburg-Biedenkopf, Landkreis",22158,22651,22676,22883,24296,25997
199,DE725,06535,HE,3,Vogelsbergkreis,22605,23162,23215,23729,25343,26952
200,DE73,066,HE,2,"Kassel, Regierungsbezirk",22673,23110,23210,23644,25115,26650
201,DE731,06611,HE,3,"Kassel, documenta-Stadt, Kreisfreie Stadt",20342,20872,20962,21605,22681,24320
202,DE732,06631,HE,3,"Fulda, Landkreis",24104,24101,24108,24825,26634,28034
203,DE733,06632,HE,3,"Hersfeld-Rotenburg, Landkreis",22464,22979,23169,23579,24978,26765
204,DE734,06633,HE,3,"Kassel, Landkreis",23578,24057,24164,24378,25776,27314
205,DE735,06634,HE,3,Schwalm-Eder-Kreis,22839,23443,23567,23844,25349,26801
206,DE736,06635,HE,3,"Waldeck-Frankenberg, Landkreis",23095,23718,23722,24013,25632,27052
207,DE737,06636,HE,3,Werra-Meißner-Kreis,21339,21795,22082,22497,23959,25598
208,DE8,13,MV,1,Mecklenburg-Vorpommern,20468,21337,21939,22474,24188,25321
209,DE803,13003,MV,3,"Rostock, Hansestadt, Kreisfreie Stadt",19790,20619,21016,21382,22633,23979
210,DE804,13004,MV,3,"Schwerin, Landeshauptstadt, Kreisfreie Stadt",20372,21197,21797,22120,23024,24338
211,DE80J,13071,MV,3,"Mecklenburgische Seenplatte, Landkreis",20376,20994,21839,22185,23911,25073
212,DE80K,13072,MV,3,Landkreis Rostock,21575,22515,23215,23778,25757,26789
213,DE80L,13073,MV,3,"Vorpommern-Rügen, Landkreis",20493,21478,21885,22342,24138,25212
214,DE80M,13074,MV,3,"Nordwestmecklenburg, Landkreis",20702,21692,22105,22551,24253,25414
215,DE80N,13075,MV,3,"Vorpommern-Greifswald, Landkreis",19288,20157,20853,21353,23005,24099
216,DE80O,13076,MV,3,"Ludwigslust-Parchim, Landkreis",21287,22233,22874,24055,26284,27275
217,DE9,03,NI,1,Niedersachsen,23088,23731,23699,24299,26043,27536
218,DE91,031,NI,2,Statistische Region Braunschweig,23085,23740,23866,24162,25574,27176
219,DE911,03101,NI,3,"Braunschweig, Kreisfreie Stadt",23792,24429,24542,24767,26008,27787
220,DE912,03102,NI,3,"Salzgitter, Kreisfreie Stadt",20707,20997,21075,21346,22190,23692
221,DE913,03103,NI,3,"Wolfsburg, Kreisfreie Stadt",25497,26368,26240,25710,26698,28248
222,DE914,03151,NI,3,"Gifhorn, Landkreis",24599,25502,25307,25277,26951,28650
223,DE916,03153,NI,3,"Goslar, Landkreis",21928,22484,22655,23787,25422,27009
224,DE917,03154,NI,3,"Helmstedt, Landkreis",23965,24805,25000,24924,26381,28146
225,DE918,03155,NI,3,"Northeim, Landkreis",22897,23515,23934,24160,25827,27249
226,DE91A,03157,NI,3,"Peine, Landkreis",23070,23786,23872,24073,25577,27126
227,DE91B,03158,NI,3,"Wolfenbüttel, Landkreis",23384,24093,24146,24596,26015,27743
228,DE91C,03159,NI,3,"Göttingen, Landkreis",21801,22316,22606,23213,24703,26174
229,DE92,032,NI,2,Statistische Region Hannover,22852,23382,23471,24150,25605,27153
230,DE922,03251,NI,3,"Diepholz, Landkreis",24638,25323,25175,26093,28368,29741
231,DE923,03252,NI,3,"Hameln-Pyrmont, Landkreis",22912,23383,23695,24344,25692,27274
232,DE925,03254,NI,3,"Hildesheim, Landkreis",22212,22872,23059,23611,24997,26623
233,DE926,03255,NI,3,"Holzminden, Landkreis",21837,22534,22741,23910,25502,27015
234,DE927,03256,NI,3,"Nienburg (Weser), Landkreis",21592,22564,22599,23047,24785,26347
235,DE928,03257,NI,3,"Schaumburg, Landkreis",23097,23541,23588,24342,25945,27527
236,DE929,03241,NI,3,"Region Hannover, Landkreis",22825,23256,23339,23990,25261,26814
237,DE93,033,NI,2,Statistische Region Lüneburg,23841,24532,24391,25033,26954,28472
238,DE931,03351,NI,3,"Celle, Landkreis",21730,22512,22376,22832,24260,25883
239,DE932,03352,NI,3,"Cuxhaven, Landkreis",22943,23668,23806,24540,26712,28142
240,DE933,03353,NI,3,"Harburg, Landkreis",27361,27941,27884,28519,30566,32183
241,DE934,03354,NI,3,"Lüchow-Dannenberg, Landkreis",21203,21821,21792,22042,23893,25325
242,DE935,03355,NI,3,"Lüneburg, Landkreis",22427,22984,23096,23890,25571,27208
243,DE936,03356,NI,3,"Osterholz, Landkreis",24274,25028,24789,25472,27448,29000
244,DE937,03357,NI,3,"Rotenburg (Wümme), Landkreis",23951,24861,24457,25447,27936,29258
245,DE938,03358,NI,3,"Heidekreis, Landkreis",22311,22767,22848,23214,24710,26203
246,DE939,03359,NI,3,"Stade, Landkreis",24527,25204,24938,25622,27590,29045
247,DE93A,03360,NI,3,"Uelzen, Landkreis",22009,23048,22980,23424,25222,26689
248,DE93B,03361,NI,3,"Verden, Landkreis",25540,26148,25330,25918,27941,29443
249,DE94,034,NI,2,Statistische Region Weser-Ems,22778,23478,23317,24013,26086,27448
250,DE941,03401,NI,3,"Delmenhorst, Kreisfreie Stadt",20185,20470,20633,21285,22372,23670
251,DE942,03402,NI,3,"Emden, Kreisfreie Stadt",19393,20111,20322,20737,21989,23194
252,DE943,03403,NI,3,"Oldenburg (Oldb), Kreisfreie Stadt",22029,22432,22552,23344,24910,26329
253,DE944,03404,NI,3,"Osnabrück, Kreisfreie Stadt",23217,23346,23383,24863,26699,28239
254,DE945,03405,NI,3,"Wilhelmshaven, Kreisfreie Stadt",19355,19841,19982,20515,21370,22763
255,DE946,03451,NI,3,"Ammerland, Landkreis",23990,24588,24322,24948,27112,28388
256,DE947,03452,NI,3,"Aurich, Landkreis",21565,22275,22375,22974,25009,26328
257,DE948,03453,NI,3,"Cloppenburg, Landkreis",22770,23897,23145,23580,26115,27147
258,DE949,03454,NI,3,"Emsland, Landkreis",23471,24463,23976,24614,27089,28260
259,DE94A,03455,NI,3,"Friesland, Landkreis",22272,23228,23199,23849,25671,27074
260,DE94B,03456,NI,3,"Grafschaft Bentheim, Landkreis",21939,23058,22901,23433,25589,26856
261,DE94C,03457,NI,3,"Leer, Landkreis",20782,21651,21658,22024,23853,25246
262,DE94D,03458,NI,3,"Oldenburg, Landkreis",24803,25735,25263,25814,28206,29699
263,DE94E,03459,NI,3,"Osnabrück, Landkreis",24302,24646,24556,25470,27577,29220
264,DE94F,03460,NI,3,"Vechta, Landkreis",24823,25571,25264,26120,28979,30312
265,DE94G,03461,NI,3,"Wesermarsch, Landkreis",22493,23411,23302,23983,25810,27305
266,DE94H,03462,NI,3,"Wittmund, Landkreis",22347,22833,22812,23014,25411,26567
267,DEA,05,NW,1,Nordrhein-Westfalen,23146,23623,23819,24555,26249,27754
268,DEA1,051,NW,2,"Düsseldorf, Regierungsbezirk",23075,23613,23795,24432,26014,27575
269,DEA11,05111,NW,3,"Düsseldorf, Kreisfreie Stadt",26954,27685,27954,28653,30590,32446
270,DEA12,05112,NW,3,"Duisburg, Kreisfreie Stadt",17846,18311,18702,19034,19831,21102
271,DEA13,05113,NW,3,"Essen, Kreisfreie Stadt",21243,21711,22399,22972,24350,25872
272,DEA14,05114,NW,3,"Krefeld, Kreisfreie Stadt",22272,22649,22776,23514,25008,26689
273,DEA15,05116,NW,3,"Mönchengladbach, Kreisfreie Stadt",21503,22044,22498,22989,24298,25482
274,DEA16,05117,NW,3,"Mülheim an der Ruhr, Kreisfreie Stadt",23753,24483,24678,25281,26886,28598
275,DEA17,05119,NW,3,"Oberhausen, Kreisfreie Stadt",19386,19872,20354,20687,21746,23142
276,DEA18,05120,NW,3,"Remscheid, Kreisfreie Stadt",24083,23278,22972,23722,25346,26862
277,DEA19,05122,NW,3,"Solingen, Kreisfreie Stadt",24390,24450,24182,25266,27122,28618
278,DEA1A,05124,NW,3,"Wuppertal, Kreisfreie Stadt",22166,21920,21863,22500,23891,25304
279,DEA1B,05154,NW,3,"Kleve, Kreis",21426,22676,22428,22863,24751,25927
280,DEA1C,05158,NW,3,"Mettmann, Kreis",26140,26740,26708,27378,29211,30997
281,DEA1D,05162,NW,3,"Rhein-Kreis Neuss, Kreis",25928,26563,26506,27599,29521,31337
282,DEA1E,05166,NW,3,"Viersen, Kreis",24107,24940,24839,25638,27646,29295
283,DEA1F,05170,NW,3,"Wesel, Kreis",23000,23705,24005,24505,26096,27666
284,DEA2,053,NW,2,"Köln, Regierungsbezirk",23636,24044,24278,25072,26763,28361
285,DEA22,05314,NW,3,"Bonn, Kreisfreie Stadt",24056,24495,24912,25779,27282,29079
286,DEA23,05315,NW,3,"Köln, Kreisfreie Stadt",23841,24132,24222,25189,27042,28764
287,DEA24,05316,NW,3,"Leverkusen, Kreisfreie Stadt",22646,23201,23628,23779,25077,26709
288,DEA26,05358,NW,3,"Düren, Kreis",22159,22754,23291,23959,25518,26813
289,DEA27,05362,NW,3,Rhein-Erft-Kreis,23720,24249,24518,25178,26652,28209
290,DEA28,05366,NW,3,"Euskirchen, Kreis",22773,23298,23658,24298,25987,27234
291,DEA29,05370,NW,3,"Heinsberg, Kreis",21541,22254,22574,23069,24648,25922
292,DEA2A,05374,NW,3,Oberbergischer Kreis,24275,24324,24161,25774,27745,29271
293,DEA2B,05378,NW,3,Rheinisch-Bergischer Kreis,27235,27778,27866,28631,30722,32592
294,DEA2C,05382,NW,3,Rhein-Sieg-Kreis,24871,25476,25784,26593,28415,30096
295,DEA2D,05334,NW,3,"Städteregion Aachen, Kreis",21678,21787,22080,22647,24082,25577
296,DEA3,055,NW,2,"Münster, Regierungsbezirk",22536,23223,23557,24279,26060,27428
297,DEA31,05512,NW,3,"Bottrop, Kreisfreie Stadt",21101,21890,22437,23137,24579,26108
298,DEA32,05513,NW,3,"Gelsenkirchen, Kreisfreie Stadt",17083,17472,18107,18207,18905,20138
299,DEA33,05515,NW,3,"Münster, Kreisfreie Stadt",23711,24415,24759,25742,27753,29156
300,DEA34,05554,NW,3,"Borken, Kreis",23984,24731,24909,25759,28092,29292
301,DEA35,05558,NW,3,"Coesfeld, Kreis",24899,25734,25971,27101,29450,30858
302,DEA36,05562,NW,3,"Recklinghausen, Kreis",21211,21852,22328,22841,24154,25686
303,DEA37,05566,NW,3,"Steinfurt, Kreis",23369,24308,24360,25074,26993,28277
304,DEA38,05570,NW,3,"Warendorf, Kreis",24732,25104,25443,26427,28683,30037
305,DEA4,057,NW,2,"Detmold, Regierungsbezirk",23844,24256,24387,25115,27067,28445
306,DEA41,05711,NW,3,"Bielefeld, Kreisfreie Stadt",22832,22945,23449,23982,25678,27062
307,DEA42,05754,NW,3,"Gütersloh, Kreis",25885,26739,26269,27113,29494,30825
308,DEA43,05758,NW,3,"Herford, Kreis",24134,24320,24890,25501,27402,28853
309,DEA44,05762,NW,3,"Höxter, Kreis",23021,23844,24162,24631,26615,27963
310,DEA45,05766,NW,3,"Lippe, Kreis",23571,23857,23591,24808,26699,28163
311,DEA46,05770,NW,3,"Minden-Lübbecke, Kreis",24268,24206,24526,25104,26987,28375
312,DEA47,05774,NW,3,"Paderborn, Kreis",22543,23374,23627,24241,26116,27389
313,DEA5,059,NW,2,"Arnsberg, Regierungsbezirk",22688,23042,23145,23968,25613,27096
314,DEA51,05911,NW,3,"Bochum, Kreisfreie Stadt",20902,21425,21473,22066,23321,24836
315,DEA52,05913,NW,3,"Dortmund, Kreisfreie Stadt",20157,20686,21092,21671,22839,24200
316,DEA53,05914,NW,3,"Hagen, Kreisfreie Stadt",20666,20545,20666,21387,22523,23956
317,DEA54,05915,NW,3,"Hamm, Kreisfreie Stadt",19202,19809,20256,20726,21908,23244
318,DEA55,05916,NW,3,"Herne, Kreisfreie Stadt",18475,18934,19584,19666,20610,21927
319,DEA56,05954,NW,3,Ennepe-Ruhr-Kreis,25039,25379,25567,26476,28494,30218
320,DEA57,05958,NW,3,Hochsauerlandkreis,25398,25875,25834,26850,29190,30632
321,DEA58,05962,NW,3,Märkischer Kreis,25161,25053,24352,25843,27954,29550
322,DEA59,05966,NW,3,"Olpe, Kreis",26885,27495,27066,28872,31588,33232
323,DEA5A,05970,NW,3,"Siegen-Wittgenstein, Kreis",24684,24937,25058,25255,27095,28655
324,DEA5B,05974,NW,3,"Soest, Kreis",23847,24350,24422,25670,27614,29096
325,DEA5C,05978,NW,3,"Unna, Kreis",22278,22605,23017,23825,25291,26701
326,DEB,07,RP,1,Rheinland-Pfalz,23537,23983,24159,24725,26410,28005
327,DEB1,071,RP,2,Statistische Region Koblenz,23599,23780,24040,24939,26782,28232
328,DEB11,07111,RP,3,"Koblenz, Kreisfreie Stadt",22082,22150,22615,23498,24895,26475
329,DEB12,07131,RP,3,"Ahrweiler, Landkreis",24742,24655,25196,25031,27039,28655
330,DEB13,07132,RP,3,"Altenkirchen (Westerwald), Landkreis",22929,23131,23322,23385,24842,26230
331,DEB14,07133,RP,3,"Bad Kreuznach, Landkreis",22753,23122,23440,23378,24713,26193
332,DEB15,07134,RP,3,"Birkenfeld, Landkreis",22744,22615,22460,22041,23721,25374
333,DEB17,07137,RP,3,"Mayen-Koblenz, Landkreis",23312,23552,24071,23955,25495,26981
334,DEB18,07138,RP,3,"Neuwied, Landkreis",23875,24163,24303,31127,34660,35794
335,DEB1A,07141,RP,3,Rhein-Lahn-Kreis,22801,23244,23475,23802,25200,26710
336,DEB1B,07143,RP,3,Westerwaldkreis,25274,25151,25416,25387,27215,28740
337,DEB1C,07135,RP,3,"Cochem-Zell, Landkreis",23307,23677,23503,23569,25140,26421
338,DEB1D,07140,RP,3,Rhein-Hunsrück-Kreis,24608,25029,24967,25345,27164,28488
339,DEB2,072,RP,2,Statistische Region Trier,22808,23547,23612,23866,25583,27244
340,DEB21,07211,RP,3,"Trier, Kreisfreie Stadt",21592,22014,22135,22835,24491,26127
341,DEB22,07231,RP,3,"Bernkastel-Wittlich, Landkreis",23020,23900,24060,23870,25549,26932
342,DEB23,07232,RP,3,Eifelkreis Bitburg-Prüm,22384,23397,23408,23640,25378,26997
343,DEB24,07233,RP,3,"Vulkaneifel, Landkreis",22790,23539,23615,23811,25423,26817
344,DEB25,07235,RP,3,"Trier-Saarburg, Landkreis",23838,24526,24504,24790,26606,28633
345,DEB3,073,RP,2,Statistische Region Rheinhessen-Pfalz,23679,24243,24387,24793,26355,28038
346,DEB31,07311,RP,3,"Frankenthal (Pfalz), Kreisfreie Stadt",22620,22902,22677,22600,23846,25477
347,DEB32,07312,RP,3,"Kaiserslautern, Kreisfreie Stadt",19763,20310,20554,20418,21432,22631
348,DEB33,07313,RP,3,"Landau in der Pfalz, Kreisfreie Stadt",22456,22601,22999,23654,25032,26213
349,DEB34,07314,RP,3,"Ludwigshafen am Rhein, Kreisfreie Stadt",20339,20237,21032,20862,21900,23283
350,DEB35,07315,RP,3,"Mainz, Kreisfreie Stadt",23018,23557,24003,23999,24883,27153
351,DEB36,07316,RP,3,"Neustadt an der Weinstraße, Kreisfreie Stadt",26415,27501,27533,27874,29697,31524
352,DEB37,07317,RP,3,"Pirmasens, Kreisfreie Stadt",20162,20605,20344,20801,21796,23011
353,DEB38,07318,RP,3,"Speyer, Kreisfreie Stadt",25242,25488,26071,25654,27314,29055
354,DEB39,07319,RP,3,"Worms, Kreisfreie Stadt",21794,22810,21921,21964,23183,24654
355,DEB3A,07320,RP,3,"Zweibrücken, Kreisfreie Stadt",20818,21377,21699,21959,23058,24576
356,DEB3B,07331,RP,3,"Alzey-Worms, Landkreis",23802,24559,24467,24386,26016,27657
357,DEB3C,07332,RP,3,"Bad Dürkheim, Landkreis",27130,27775,28217,27947,29844,31719
358,DEB3D,07333,RP,3,Donnersbergkreis,22397,23120,23540,23079,24496,26177
359,DEB3E,07334,RP,3,"Germersheim, Landkreis",23655,24725,24348,24435,25935,27483
360,DEB3F,07335,RP,3,"Kaiserslautern, Landkreis",22176,22596,22624,22635,23913,25428
361,DEB3G,07336,RP,3,"Kusel, Landkreis",21314,22478,22304,22526,23724,25147
362,DEB3H,07337,RP,3,"Südliche Weinstraße, Landkreis",24744,25761,26041,25478,27128,28759
363,DEB3I,07338,RP,3,Rhein-Pfalz-Kreis,27172,27928,28061,27993,29899,31954
364,DEB3J,07339,RP,3,"Mainz-Bingen, Landkreis",26855,26926,26930,31372,34427,36208
365,DEB3K,07340,RP,3,"Südwestpfalz, Landkreis",23784,24339,24319,24391,26027,27747
366,DEC,10,SL,1,Saarland,22032,22922,22501,23158,24619,26168
367,DEC01,10041,SL,3,"Saarbrücken, Regionalverband",20971,22438,21413,22260,23561,25033
368,DEC02,10042,SL,3,"Merzig-Wadern, Landkreis",20674,21150,20497,21011,22433,23728
369,DEC03,10043,SL,3,"Neunkirchen, Landkreis",21462,21955,22292,22955,24279,25856
370,DEC04,10044,SL,3,"Saarlouis, Landkreis",22856,23431,22948,23672,25288,26836
371,DEC05,10045,SL,3,Saarpfalz-Kreis,23941,24715,24816,25210,26816,28608
372,DEC06,10046,SL,3,"St. Wendel, Landkreis",23532,24249,24536,24929,26682,28399
373,DED,14,SN,1,Sachsen,21061,21725,22138,22679,24307,25746
374,DED2,146,SN,2,"Dresden, NUTS 2-Region",21123,21813,22323,22845,24534,26043
375,DED21,14612,SN,3,"Dresden, Kreisfreie Stadt",21002,21645,22153,22707,24169,25679
376,DED2C,14625,SN,3,"Bautzen, Landkreis",21252,21986,22650,23139,24933,26549
377,DED2D,14626,SN,3,"Görlitz, Landkreis",19918,20527,21108,21371,23071,24403
378,DED2E,14627,SN,3,"Meißen, Landkreis",22006,22794,23154,23868,25791,27331
379,DED2F,14628,SN,3,"Sächsische Schweiz-Osterzgebirge, Landkreis",21622,22346,22744,23301,25139,26663
380,DED4,145,SN,2,"Chemnitz, NUTS 2-Region",21121,21724,22118,22688,24412,25876
381,DED41,14511,SN,3,"Chemnitz, Kreisfreie Stadt",20857,21420,21735,22344,23670,24904
382,DED42,14521,SN,3,Erzgebirgskreis,20958,21490,21893,22490,24332,25867
383,DED43,14522,SN,3,"Mittelsachsen, Landkreis",21169,21807,22182,22787,24647,26101
384,DED44,14523,SN,3,Vogtlandkreis,21079,21587,22014,22640,24408,25891
385,DED45,14524,SN,3,"Zwickau, Landkreis",21482,22228,22668,23109,24860,26435
386,DED5,147,SN,2,"Leipzig, NUTS 2-Region",20883,21591,21885,22416,23828,25137
387,DED51,14713,SN,3,"Leipzig, Kreisfreie Stadt",20002,20524,20841,21376,22480,23683
388,DED52,14729,SN,3,"Leipzig, Landkreis",22671,23295,23844,24392,26320,27808
389,DED53,14730,SN,3,"Nordsachsen, Landkreis",21159,22557,22472,22987,24708,26146
390,DEE,15,ST,1,Sachsen-Anhalt,20379,21138,21802,22414,23820,25094
391,DEE01,15001,ST,3,"Dessau-Roßlau, Kreisfreie Stadt",20693,21535,22134,22702,23874,25214
392,DEE02,15002,ST,3,"Halle (Saale), Kreisfreie Stadt",18721,19397,20144,20735,21650,22854
393,DEE03,15003,ST,3,"Magdeburg, Landeshauptstadt, Kreisfreie Stadt",19726,20424,21210,21995,23022,24260
394,DEE04,15081,ST,3,Altmarkkreis Salzwedel,20817,21812,22314,22901,24637,25829
395,DEE05,15082,ST,3,"Anhalt-Bitterfeld, Landkreis",20480,21333,22090,22700,24194,25412
396,DEE06,15086,ST,3,"Jerichower Land, Landkreis",21553,22411,22773,23615,25280,26352
397,DEE07,15083,ST,3,"Börde, Landkreis",21561,22407,22967,23501,25179,26566
398,DEE08,15084,ST,3,Burgenlandkreis,20449,21165,21849,22474,23965,25189
399,DEE09,15085,ST,3,"Harz, Landkreis",20773,21514,21968,22570,24093,25470
400,DEE0A,15087,ST,3,"Mansfeld-Südharz, Landkreis",19846,20506,21315,21829,23260,24672
401,DEE0B,15088,ST,3,Saalekreis,21596,22304,22912,23498,24985,26219
402,DEE0C,15089,ST,3,Salzlandkreis,19848,20490,21276,21815,23252,24552
403,DEE0D,15090,ST,3,"Stendal, Landkreis",19861,20683,21374,22017,23627,24954
404,DEE0E,15091,ST,3,"Wittenberg, Landkreis",20969,21882,22601,23133,24803,26121
405,DEF,01,SH,1,Schleswig-Holstein,24282,24886,25063,25875,27924,29395
406,DEF01,01001,SH,3,"Flensburg, Kreisfreie Stadt",19419,20066,19942,20672,22263,23714
407,DEF02,01002,SH,3,"Kiel, Landeshauptstadt, Kreisfreie Stadt",20370,20980,21452,22107,23490,25058
408,DEF03,01003,SH,3,"Lübeck, Hansestadt, Kreisfreie Stadt",21179,21932,22290,22791,24027,25623
409,DEF04,01004,SH,3,"Neumünster, Kreisfreie Stadt",20572,20806,21067,21563,23101,24602
410,DEF05,01051,SH,3,"Dithmarschen, Kreis",23791,24873,25016,25606,28102,29141
411,DEF06,01053,SH,3,"Herzogtum Lauenburg, Kreis",24925,25514,25952,26359,28225,29817
412,DEF07,01054,SH,3,"Nordfriesland, Kreis",26941,28424,28093,28913,32478,33279
413,DEF08,01055,SH,3,"Ostholstein, Kreis",24472,25640,25860,26748,28996,30474
414,DEF09,01056,SH,3,"Pinneberg, Kreis",25969,26578,26681,27562,29693,31360
415,DEF0A,01057,SH,3,"Plön, Kreis",24302,25253,25847,26567,28555,30122
416,DEF0B,01058,SH,3,"Rendsburg-Eckernförde, Kreis",27662,25907,25964,27119,29490,31017
417,DEF0C,01059,SH,3,"Schleswig-Flensburg, Kreis",23585,24608,24505,25055,27006,28089
418,DEF0D,01060,SH,3,"Segeberg, Kreis",24406,25346,25370,26560,28465,29899
419,DEF0E,01061,SH,3,"Steinburg, Kreis",22887,23959,24148,25518,27668,29011
420,DEF0F,01062,SH,3,"Stormarn, Kreis",27019,27734,28017,28799,31005,32912
421,DEG,16,TH,1,Thüringen,20782,21357,21887,22566,24314,25736
422,DEG01,16051,TH,3,"Erfurt, Kreisfreie Stadt",20393,21018,21469,22203,23799,25276
423,DEG02,16052,TH,3,"Gera, Kreisfreie Stadt",20166,20839,21544,22216,23509,24576
424,DEG03,16053,TH,3,"Jena, Kreisfreie Stadt",21174,21118,21734,22601,24191,25960
425,DEG05,16055,TH,3,"Weimar, Kreisfreie Stadt",19930,20640,21153,22083,23663,25184
426,DEG06x,16061,TH,3,"Eichsfeld, Landkreis",21580,22185,22639,23109,25178,26595
427,DEG07,16062,TH,3,"Nordhausen, Landkreis",19613,20517,21019,21658,23240,24575
428,DEG09x,16064,TH,3,Unstrut-Hainich-Kreis,19558,20156,20918,21660,23373,24664
429,DEG0A,16065,TH,3,Kyffhäuserkreis,19372,20080,20730,21402,23044,24338
430,DEG0C,16067,TH,3,"Gotha, Landkreis",20738,21183,21502,22208,24007,25434
431,DEG0D,16068,TH,3,"Sömmerda, Landkreis",20324,21117,21574,22312,24129,25299
432,DEG0E,16069,TH,3,"Hildburghausen, Landkreis",21457,22171,22481,22996,25031,26705
433,DEG0G,16071,TH,3,"Weimarer Land, Landkreis",21040,21637,22232,23164,25139,26449
434,DEG0J,16074,TH,3,Saale-Holzland-Kreis,20990,21916,22596,23326,25202,26603
435,DEG0K,16075,TH,3,Saale-Orla-Kreis,20682,21331,21958,22509,24438,25859
436,DEG0L,16076,TH,3,"Greiz, Landkreis",21350,22033,22494,23025,24948,26406
437,DEG0M,16077,TH,3,"Altenburger Land, Landkreis",20725,21466,22275,22687,24335,25602
438,DEG0Q,16066,TH,3,"Schmalkalden-Meiningen, Landkreis",21465,21996,22261,22976,24890,26379
439,DEG0Rx,16063,TH,3,Wartburgkreis,21705,21793,22553,23147,24983,26593
440,DEG0S,16054,TH,3,"Suhl, Kreisfreie Stadt",22018,22683,22888,23897,25433,26673
441,DEG0T,16070,TH,3,Ilm-Kreis,20336,21070,21518,22330,23971,25256
442,DEG0U,16073,TH,3,"Saalfeld-Rudolstadt, Landkreis",21130,21795,22270,22803,24578,26101
443,DEG0V,16072,TH,3,"Sonneberg, Landkreis",21409,21696,22198,22804,24459,25966
444,DE,17,D,1,Deutschland,23808,24335,24355,25064,26848,28452
